NO_RELATION	entitya	is	a	play	by	entityb	,	written	in	and
RELATION	cathol	church	.	.	dure	entityb	's	entitya	,	christo	wa	also	involv
RELATION	at	gettysburg	dure	which	presid	entityb	deliv	the	entitya	.	initi	commemor	the	grand
NO_RELATION	entitya	,	issu	octob	28,	1956,	is	an	encycl	of	entityb	urg	public	prayer	for	peac
NO_RELATION	entitya	is	a	war	novel	by	entityb	,	serial	in	in
RELATION	defens	forc	in	vukovar	(	entityb	)	dure	the	entitya	.	he	wa	kill	in
NO_RELATION	entitya	is	a	stori	by	entityb	concern	a	curs	villag	that
NO_RELATION	entitya	is	a	novel	written	by	entityb	and	first	publish	april	6,
NO_RELATION	entitya	is	the	second	book	of	short	stori	by	entityb	.	it	wa	first	publish
RELATION	anthoni	wa	introduc	to	entityb	,	who	had	been	one	of	the	organ	of	the	entitya	and	had	introduc	the	controversi
NO_RELATION	entitya	is	a	novel	written	by	entityb	.	eragon	may	also	refer
NO_RELATION	entitya	is	a	novel	by	entityb	,	publish	in	1998..	toni
RELATION	,	mark	the	year	that	entityb	began	hi	entitya	from	mecca	to	medina	.
NO_RELATION	entitya	is	a	book	by	entityb	publish	in	by	ace
RELATION	base	on	the	life	of	entityb	,	who	led	the	parliamentari	forc	dure	the	entitya	.	patton	(	)
NO_RELATION	entitya	is	a	book	by	entityb	.	the	book	describ	ulmer
RELATION	under	gener	howe	seiz	the	entityb	peninsula	at	the	entitya	.	ketchum	pp	.
RELATION	,	then	chief	rabbi	of	entityb	.	dure	the	entitya	,	the	rabbi	hid	de
RELATION	:	.	.	after	the	entitya	,	entityb	himself	singl	out	nation	by
NO_RELATION	entitya	is	a	classic	novel	by	entityb	,	written	in	the	welsh
RELATION	's	forc	just	north	of	entityb	,	at	the	entitya	.	the	mongol	were	defeat
NO_RELATION	entitya	is	a	collect	of	essay	written	and	complet	by	entityb	in	1894.	garland	wa	one
NO_RELATION	entitya	,	issu	octob	28,	1956,	is	an	encycl	of	entityb	urg	public	prayer	for	peac
NO_RELATION	entitya	is	a	novel	by	entityb	,	which	wa	adapt	into
RELATION	the	parliamentari	caus	dure	the	entitya	and	of	entityb	dure	the	protector	.	sir
NO_RELATION	entitya	is	the	first	play	written	by	entityb	.	it	premier	at
RELATION	on	luzon	,	in	the	entityb	.	after	the	entitya	,	at	some	date	between
NO_RELATION	entitya	(	)	is	a	poem	by	entityb	,	written	in	sever	version
RELATION	.	.	juli	ampndash;	entityb	emigr	hi	commun	(	the	movement	is	call	the	entitya	)	to	medina	,	a
NO_RELATION	entitya	is	a	children	's	novel	written	and	illustr	by	entityb	.	it	tell	the	stori
NO_RELATION	entitya	:	the	peopl	arm	is	a	book	by	entityb	.	paz	wa	a	famou
NO_RELATION	entitya	is	a	one-act	play	play	by	entityb	.	it	is	centr	around
NO_RELATION	entitya	is	a	novel	written	by	entityb	under	the	pseudonym	richard	hooker
NO_RELATION	entitya	is	a	children	's	novel	by	entityb	origin	publish	by	oxford	univers
NO_RELATION	entitya	(	)	is	a	young	adult	novel	written	by	entityb	.	julia	foster	get	a
NO_RELATION	entitya	is	a	play	by	entityb	which	retel	the	myth	of
RELATION	of	the	evergreen	cemeteri	.	entityb	's	entitya	wa	deliv	there	dure	the
RELATION	.	a	turn	point	in	entityb	's	life	,	thi	entitya	also	mark	the	begin	of
NO_RELATION	entitya	is	a	stori	by	entityb	about	a	littl	girl	name
RELATION	climax	featur	an	extract	from	entityb	's	entitya	,	accompani	footag	of	tank
NO_RELATION	entitya	is	a	play	by	entityb	,	which	premier	off-broadway	in
RELATION	practic	reason	)	,	1788.	entityb	,	entitya	,	1863.	john	lock	,
RELATION	annual	program	design	to	commemor	entityb	's	entitya	,	as	well	as	a
NO_RELATION	entitya	(	)	is	a	histor	novel	by	entityb	set	in	victorian	london	.
NO_RELATION	entitya	is	a	novel	by	entityb	.	david	copperfield	may	also
RELATION	,	now	in	veracruz	,	entityb	,	conclud	the	entitya	from	spain	.	.
RELATION	to	write	her	equival	of	entityb	's	entitya	,	explain	her	philosophi	and
RELATION	wa	broken	into	piec	by	entityb	follow	the	entitya	and	buri	under	the	palac
RELATION	)	wa	a	victori	for	entityb	over	the	royalist	dure	the	entitya	.	.	the	battl	of
RELATION	of	the	roundhead	dure	the	entitya	,	entityb	,	who	success	oust	the
NO_RELATION	entitya	is	a	novella	by	entityb	,	origin	publish	as	a
NO_RELATION	entitya	is	a	collect	of	scienc	fiction	short	stori	by	entityb	.	it	wa	first	publish
RELATION	.	she	also	critic	the	entitya	,	the	peac	treati	entityb	sign	with	anwar	sadat	of
RELATION	those	accus	of	serv	with	entityb	against	the	king	dure	the	entitya	,	and	in	hi	defenc
NO_RELATION	entitya	is	a	play	by	entityb	about	a	girl	who	grow
RELATION	it	.	"	also	,	entityb	's	great	entitya	is	a	form	of	elocutio
RELATION	a	strateg	posit	in	the	entitya	as	in	entityb	came	with	dragoon	and
RELATION	into	the	coloni	sieg	of	entityb	,	at	the	entitya	,	just	north	of	boston
RELATION	therefor	label	it	kafir	.	entitya	mean	flight	or	emigr	or	leav	,	such	as	prophet	entityb	and	hi	follow	did	to
RELATION	decemb	in	befort	,	entityb	,	dure	the	entitya	.	he	wa	posthum	promot
NO_RELATION	entitya	is	a	book	of	poem	and	essay	written	by	entityb	in	1974.	within	it	,
NO_RELATION	entitya	is	a	children	's	pictur	book	by	entityb	.	.	gritch	the	witch
NO_RELATION	entitya	is	a	collect	of	essay	by	botanist	entityb	.	the	articl	both	defend
RELATION	resign	in	protest	over	the	entitya	and	presid	entityb	appoint	a	new	govern	.
NO_RELATION	entitya	is	a	novel	by	entityb	.	a	direct	sequel	,
RELATION	day	.	they	do	rememb	entityb	's	speech	which	becam	known	as	the	entitya	.	.	in	the	1950
NO_RELATION	entitya	is	a	satir	play	by	entityb	and	howard	brenton	explor	the
RELATION	group	,	2000,	p.	157.	entityb	suggest	in	hi	book	entitya	and	new	think	for	our
NO_RELATION	entitya	is	a	action/sci	fiction/thril	novel	by	entityb	.	nathaniel	hunter	could	track
NO_RELATION	entitya	is	a	stage	play	by	entityb	that	premier	at	the	victori
NO_RELATION	entitya	)	a	crime	novel	by	entityb	get	it	titl	from	a
NO_RELATION	entitya	is	a	children	's	novel	by	entityb	,	publish	in	1999.	it
RELATION	the	american	gain	control	of	entityb	at	the	entitya	.	the	british	had	to
RELATION	besieg	town	of	jaffna	in	entityb	dure	the	entitya	.	the	mission	wa	undertaken
NO_RELATION	entitya	is	a	play	written	by	entityb	with	music	compos	by	adrian
NO_RELATION	entitya	is	a	novel	by	entityb	,	publish	initi	by	wine
RELATION	in	tribut	,	upon	the	entitya	,	entityb	wa	present	with	a	william
NO_RELATION	entitya	is	a	young	adult	novel	by	entityb	.	it	tell	the	stori
NO_RELATION	entitya	is	a	scienc	fiction	novel	written	by	entityb	as	part	of	the	grand
RELATION	.	.	in	1988,	the	entitya	polici	of	entityb	start	allow	privat	enterpris	in
RELATION	he	support	parliament	in	the	entitya	,	and	subsequ	becam	a	strong	adher	of	entityb	,	whose	third	daughter	,
NO_RELATION	entitya	is	a	novel	by	entityb	,	first	publish	by	snp
RELATION	mexico	,	mexico	citi	,	entityb	,	until	the	entitya	.	universidad	de	santo
RELATION	,	.	a	phrase	from	entityb	's	entitya	from	the	civil	war	era
RELATION	on	august	in	entityb	dure	the	entitya	.	.	orpheu	wa	first
RELATION	.	.	.	entityb	and	hi	follow	complet	their	entitya	from	mecca	to	medina	to
RELATION	.	on	novemb	19,	1863,	entityb	deliv	hi	entitya	at	the	dedic	of	the
RELATION	in	thi	process	were	the	entitya	,	entityb	,	john	milton	,	john
NO_RELATION	entitya	is	a	novel	by	entityb	.	clarissa	can	also	refer
NO_RELATION	entitya	is	a	scienc	fiction	novel	by	entityb	,	publish	in	1969..	the
NO_RELATION	entitya	.	categori	:	feder	minist	of	entityb	.	minist
NO_RELATION	entitya	is	a	novel	by	entityb	,	co-written	with	judith	and
RELATION	the	aforement	first	battl	of	entityb	,	the	entitya	and	the	decis	second	battl
RELATION	the	victor	.	.	the	entityb	at	the	age	of	45,	paint	in	1699.	in	1696,	entitya	person	led	three	armi	,
NO_RELATION	entitya	is	a	collect	of	thirti	scienc	fiction	stori	by	entityb	first	publish	in	decemb
NO_RELATION	entitya	is	a	novel	by	entityb	set	in	new	york	of
NO_RELATION	entitya	is	a	novel	by	entityb	,	publish	in	and
NO_RELATION	entitya	is	a	action/sci	fiction/thril	novel	by	entityb	.	nathaniel	hunter	could	track
NO_RELATION	entitya	is	the	name	ofempir	star	,	a	book	by	entityb	.	bsa	empir	star	,
NO_RELATION	entitya	(	)	is	a	mysteri	novel	by	entityb	.	.	a	young	woman
NO_RELATION	entitya	is	a	scienc	fiction	novel	by	entityb	that	explor	a	near-futur	event
RELATION	gettysburg	address	.	.	the	entitya	,	entityb	's	most	famou	speech	and
RELATION	"	come	from	u.s.	presid	entityb	's	entitya	,	which	he	deliv	dure
RELATION	nation	cemeteri	,	site	of	entityb	's	entitya	.	a	number	of	smaller
RELATION	.	what	went	wrong	with	entitya	:	the	rise	and	fall	of	entityb	(	w.w.	norton	,
NO_RELATION	entitya	is	a	novel	by	entityb	,	a	french	author	who
NO_RELATION	entitya	is	a	novel	by	entityb	.	elmer	gantri	may	also
NO_RELATION	entitya	is	a	play	by	entityb	,	written	in	and
RELATION	reform	back	by	soviet	leader	entityb	introduc	signific	chang	in	the	tradit	system	(	see	entitya	)	,	the	alloc	of
RELATION	armi	at	the	sieg	of	entityb	and	at	the	entitya	on	june	1658..	at
NO_RELATION	entitya	is	a	play	by	entityb	,	adapt	from	the
NO_RELATION	entitya	wa	a	book	by	entityb	,	publish	in	1938.	gibbon
NO_RELATION	entitya	is	a	fantasi	comic	book	by	writer	entityb	and	pencil	carlo	pacheco	,
RELATION	windsor	and	hampton	court	.	entityb	station	an	armi	there	at	the	end	of	the	entitya	in	1647.	jame	ii	camp
NO_RELATION	entitya	is	a	young	adult	scienc	fiction	novel	written	by	entityb	and	jame	d.	macdonald	and
RELATION	movement	began	with	the	entitya	,	organ	by	entityb	and	lucretia	mott	,	and
NO_RELATION	entitya	is	a	horror	novel	written	by	entityb	.	.	.	a	child
NO_RELATION	entitya	is	a	book	by	entityb	.	it	is	base	on
RELATION	reed	,	a	colonel	in	entityb	's	armi	dure	the	entitya	.	the	famili	wa	base
NO_RELATION	entitya	is	a	tragic	play	by	entityb	.	.	hamlet	may	also
RELATION	i	in	1623..	dure	the	entitya	in	entityb	's	troop	camp	overnight	on
NO_RELATION	entitya	is	a	spi	novel	by	entityb	.	it	is	the	second
RELATION	it	took	place	befor	the	entitya	and	after	entityb	's	visit	to	the	peopl
NO_RELATION	entitya	(	)	is	a	novel	by	entityb	.	.	in	it	a
NO_RELATION	entitya	is	a	book	by	sir	entityb	,	disingenu	detail	hi	plan
NO_RELATION	entitya	is	a	novel	by	entityb	,	which	wa	adapt	into
NO_RELATION	entitya	is	a	novel	by	entityb	,	first	publish	in	2007..
RELATION	luzhin	particip	in	the	entitya	led	by	entityb	.	.	.	.	categori
RELATION	on	the	sidelin	dure	the	entitya	but	after	the	access	of	entityb	,	becam	part	of	hi
NO_RELATION	entitya	is	a	histor	novel	by	entityb	first	publish	in	america	in
NO_RELATION	entitya	(	)	,	is	an	papal	encycl	of	entityb	concern	the	soviet	invas	of
NO_RELATION	entitya	is	a	young	adult	novel	by	entityb	about	a	doom	teenag	love
RELATION	part	.	.	after	the	entitya	,	when	high	king	entityb	curtail	the	power	of	the
NO_RELATION	entitya	is	a	short	stori	by	entityb	.	it	wa	first	publish
RELATION	4.	the	first	word	of	entityb	's	entitya	.	.	the	four	score
RELATION	and	by	the	time	of	entityb	's	entitya	(	emigr	)	to	medina
NO_RELATION	entitya	,	issu	octob	28,	1956,	is	an	encycl	of	entityb	urg	public	prayer	for	peac
NO_RELATION	entitya	is	a	novel	by	entityb	,	co-written	with	judith	and
NO_RELATION	entitya	is	a	novel	by	entityb	,	first	publish	by	red
RELATION	jump	in	to	bastogn	,	entityb	,	dure	the	entitya	,	then	hi	last	jump
RELATION	iii	and	david	ii	of	entityb	,	begin	the	entitya	.	scotland	wa	a	french
RELATION	abbey	.	.	after	the	entitya	,	when	the	parliamentarian	under	entityb	introduc	a	strongli	protest	regim
RELATION	on	the	turkish	forc	at	entityb	,	dure	the	entitya	.	he	and	other	lieuten
NO_RELATION	entitya	is	a	children	's	novel	written	and	illustr	by	entityb	.	it	tell	the	stori
RELATION	buckingham	for	dure	the	entitya	,	entityb	took	possess	of	the	estat
RELATION	who	follow	the	islam	prophet	entityb	on	hi	entitya	(	withdraw	from	mecca	to
NO_RELATION	entitya	is	a	children	's	pictur	book	by	entityb	and	is	illustr	by	scott
RELATION	hide	place	.	dure	the	entitya	,	entityb	stay	at	the	queen	head
NO_RELATION	entitya	is	a	scienc	fiction	novel	written	by	entityb	and	publish	in	1988.	the
RELATION	equal	in	the	tradit	of	entityb	's	entitya	and	martin	luther	king	's
NO_RELATION	entitya	is	an	autobiograph	book	written	by	entityb	,	former	staff	writer	and
NO_RELATION	entitya	(	)	by	entityb	is	a	children	's	book
RELATION	method	.	.	the	seat	entityb	.	over	the	year	,	entitya	kept	constant	watch	over	yinreng
RELATION	and	were	then	taken	by	entityb	's	men	after	the	entitya	.	onc	in	the	hand
RELATION	with	the	modern	nation	of	entityb	,	follow	the	entitya	(	)	.	u.s.
NO_RELATION	entitya	is	a	novel	by	entityb	.	david	copperfield	may	also
NO_RELATION	entitya	is	a	chick	lit	novel	by	entityb	about	a	young	englishwoman	-
NO_RELATION	entitya	is	a	play	by	entityb	.	it	is	set	in
RELATION	photograph	rais	the	flag	on	entityb	dure	the	entitya	,	an	imag	that	wa
RELATION	an	audio	animatron	figur	of	entityb	that	actual	stood	up	and	deliv	part	of	the	entitya	(	which	wa	incident	just
RELATION	of	england	(	after	the	entitya	)	from	and	under	the	rule	of	entityb	and	hi	son	and	successor
NO_RELATION	entitya	is	a	novel	by	entityb	,	first	publish	in	2007..
NO_RELATION	entitya	is	a	play	written	in	by	entityb	.	.	misalli	take	place
RELATION	and	end	with	the	entitya	of	entityb	to	medina	in	622.	when
NO_RELATION	entitya	is	a	young	adult	novel	written	by	entityb	and	publish	by	razorbil	book
RELATION	in	juli	that	year	,	entityb	,	a	lead	figur	of	the	entitya	,	and	now	leader	of
NO_RELATION	entitya	is	a	short	stori	by	entityb	.	it	wa	first	publish
NO_RELATION	entitya	is	a	music	with	a	book	and	lyric	by	entityb	and	music	by	toni	macaulay
RELATION	,	a	day	estim	for	entityb	's	flight	(	entitya	)	from	mecca	to	medina
NO_RELATION	entitya	is	a	book	by	sir	entityb	,	disingenu	detail	hi	plan
NO_RELATION	entitya	is	a	play	by	entityb	,	which	examin	the	life
RELATION	.	.	that	dure	the	entitya	,	entityb	's	forc	took	lead	from
NO_RELATION	entitya	is	the	first	full	length	play	by	entityb	.	it	ran	off-broadway	in
RELATION	possibl	lover	of	byron	.	entitya	,	19th-centuri	speech	by	entityb	.	great	fire	of	london
RELATION	.	by	the	1980	,	entityb	's	polici	of	entitya	and	glasnost	made	it	virtual
RELATION	septemb	,	at	entityb	dure	the	entitya	and	he	is	buri	at
NO_RELATION	entitya	is	a	historical-fict	book	written	and	illustr	by	entityb	and	publish	by	scholast	press
RELATION	of	a	copi	of	the	entitya	(	handwritten	by	entityb	)	to	cornel	univers	.
RELATION	speech	,	king	allud	to	entityb	's	entitya	by	say	"	five	score
RELATION	san	marco	,	lima	,	entityb	,	until	the	entitya	.	pontificia	universidad	del
RELATION	famou	earli	hudna	wa	the	entitya	between	entityb	and	the	quraysh	tribe	.
RELATION	loui	kossuth	's	word	in	entityb	's	entitya	,	"	in	eurasian	studi
RELATION	combin	leinster-vik	forc	in	the	entitya	but	entityb	is	kill	at	the	end
NO_RELATION	entitya	is	a	book	written	by	entityb	and	publish	in	by
RELATION	wa	strateg	import	dure	the	entitya	,	and	entityb	went	there	to	take	it
RELATION	stuart	wa	mortal	wound	in	entityb	at	the	entitya	on	may	12,	1864..	henrico
RELATION	mark	from	the	begin	of	entityb	's	public	ministri	to	the	entitya	,	or	the	abyssinian	emigr
NO_RELATION	entitya	is	a	play	by	entityb	.	take	it	name	from
RELATION	1924.	a	plaqu	contain	the	entitya	and	a	pictur	of	entityb	were	ad	on	june	8,
RELATION	speech	as	a	homag	to	entityb	's	entitya	,	time	to	correspond	with
RELATION	,	muhammad	's	rel	,	entityb	and	the	muslim	perform	the	entitya	(	"	emigr	"	)
NO_RELATION	entitya	is	a	stream	of	conscious	novel	by	entityb	,	first	publish	in	1997.
RELATION	a	descend	tricolon	.	.	entityb	use	tricola	in	mani	of	hi	speech	.	hi	entitya	ha	the	follow	phrase	:
NO_RELATION	entitya	is	a	novel	by	entityb	,	publish	in	1937.	it
RELATION	known	as	the	speaker	opposit	entityb	at	the	read	of	the	entitya	.	.	today	,	there
RELATION	in	novemb	,	1863,	presid	entityb	deliv	hi	famou	entitya	.	god	's	acr	,
NO_RELATION	entitya	is	an	encycl	of	entityb	on	the	crusad	of	prayer
RELATION	.	obama	also	refer	to	entityb	's	entitya	by	say	"	.	.
NO_RELATION	entitya	is	a	novel	by	entityb	,	publish	in	1998.	it
NO_RELATION	entitya	is	a	children	's	pictur	book	by	entityb	.	.	gritch	the	witch
NO_RELATION	entitya	is	a	poem	by	entityb	about	the	boer	war	,
NO_RELATION	entitya	is	a	play	by	entityb	,	set	in	dublin	which
RELATION	hamza	ibn	al-muttalib	(	entityb	's	uncl	)	seven	to	nine	month	after	the	entitya	.	a	parti	of	thirti
NO_RELATION	entitya	is	the	last	and	longest	novel	by	author	entityb	.	publish	in	1930,	the
NO_RELATION	entitya	is	a	novel	by	entityb	.	david	copperfield	may	also
RELATION	behalf	,	bancroft	ask	presid	entityb	for	a	copi	of	the	entitya	,	as	bliss	wa	a
RELATION	quraysh	of	mecca	at	the	entitya	in	628.	it	ha	been	record	that	entityb	told	khalid	's	brother	,
RELATION	first	notabl	pictur	of	the	entitya	were	exhibit	in	1877,	one	of	which	depict	entityb	at	marston	moor	.	in
NO_RELATION	entitya	is	a	scienc	fiction	book	written	by	entityb	and	first	print	in	novemb
RELATION	tank	,	name	after	the	entitya	leader	entityb	,	wa	the	first	tank
RELATION	for	their	part	in	help	entityb	dure	the	entitya	.	.	york	press	guildhal
RELATION	(	)	and	presid	entityb	's	entitya	are	name	for	thi	town
NO_RELATION	entitya	is	a	novel	by	entityb	.	mexican	whiteboy	by	matt
RELATION	on	august	in	entityb	dure	the	entitya	.	.	kingfish	wa	commiss
NO_RELATION	entitya	(	)	is	a	novel	by	entityb	which	talk	about	war	,
NO_RELATION	entitya	is	a	collect	of	twenti	short	stori	written	by	entityb	.	it	wa	initi	publish
RELATION	17th	centuri	,	after	the	entitya	,	when	former	member	of	entityb	's	new	model	armi	settl
NO_RELATION	entitya	is	a	novel	by	entityb	.	anna	karenina	may	also
RELATION	in	the	parliamentari	caus	for	entityb	in	the	entitya	.	he	had	a	militari
RELATION	from	the	year	of	the	entitya	of	entityb	from	mecca	to	madinah	.
RELATION	of	the	long	sieg	of	entityb	.	dure	the	entitya	on	april	2,	1865,	edward
RELATION	the	key	particip	in	the	entitya	,	entityb	and	franci	tresham	.	the
NO_RELATION	entitya	is	a	novel	by	entityb	.	mexican	whiteboy	by	matt
NO_RELATION	entitya	is	a	poem	by	entityb	,	origin	publish	in	poem
RELATION	celebr	the	125th	anniversari	of	entityb	's	trip	over	the	same	rout	to	make	the	entitya	.	both	and
NO_RELATION	entitya	is	a	stori	by	entityb	concern	a	curs	villag	that
RELATION	2013-05-15.	a	quot	from	presid	entityb	's	entitya	is	inscrib	abov	the	stage
RELATION	at	the	outbreak	of	the	entitya	.	hi	nephew	and	godson	entityb	wa	sent	by	parliament	to
RELATION	of	the	five	copi	of	entityb	's	entitya	(	)	onli
RELATION	citat	:	entityb	,	draft	of	the	entitya	:	nicolay	copi	,	novemb
NO_RELATION	entitya	is	a	comic	novel	by	entityb	,	publish	posthum	in	1985.barbara
RELATION	until	the	vike	defeat	by	entityb	at	the	famou	entitya	in	1014..	clondalkin	wit	anoth
NO_RELATION	entitya	's	world	is	a	children	's	histori	book	by	entityb	.	the	first	edit	,
NO_RELATION	entitya	is	a	novel	written	by	entityb	and	publish	in	the	unit
RELATION	,	and	culmin	in	the	entitya	and	the	protector	of	entityb	,	there	were	signific	swing
RELATION	.	with	the	onset	of	entitya	under	entityb	,	the	resid	of	bergtal
RELATION	establish	at	the	site	of	entityb	's	notabl	entitya	.	.	a	number	of
RELATION	independ	near	guantanamo	bay	,	entityb	,	dure	the	entitya	.	in	novemb	1962,	the
RELATION	hi	daughter	's	recit	of	entityb	's	entitya	to	go	out	for	the
NO_RELATION	entitya	is	a	play	written	by	entityb	and	first	perform	in	1993.
NO_RELATION	entitya	(	)	is	a	young-adult	fantasi	novel	by	entityb	,	base	loos	on	the
NO_RELATION	entitya	is	an	play	by	entityb	about	de	torquemada	and
NO_RELATION	entitya	is	a	collect	of	twenti	short	stori	written	by	entityb	.	it	wa	initi	publish
RELATION	the	english	civil	war	and	entityb	's	rule	.	.	dure	the	entitya	in	1646,	thoma	fairfax	order
RELATION	castl	,	wa	destroy	by	entityb	's	troop	in	the	entitya	in	1646.	he	die	of
NO_RELATION	entitya	is	a	young	adult	novel	by	entityb	,	first	publish	in	2003.
NO_RELATION	entitya	written	by	entityb	.	.	categori	:	work
NO_RELATION	entitya	(	)	is	a	young	adult	novel	written	by	entityb	.	.	remi	is	an
NO_RELATION	entitya	is	a	novel	written	by	entityb	about	log	in	australia	.
RELATION	civil	war	:	union	presid	entityb	deliv	the	entitya	at	the	militari	cemeteri	dedic
RELATION	2007.	april	2008..	presid	entityb	's	sign	of	the	entitya	on	septemb	17th	,
NO_RELATION	entitya	is	a	short	stori	by	entityb	.	it	is	name	after
NO_RELATION	entitya	is	an	apocalypt	scienc	fiction/horror	novel	by	entityb	,	publish	in	as
RELATION	compani	did	not	arriv	in	entityb	until	after	the	entitya	,	and	for	the	next
NO_RELATION	entitya	is	a	novel	by	entityb	which	deal	with	issu	of
RELATION	calendar	.	it	commemor	the	entitya	(	)	,	or	emigr	of	entityb	and	hi	follow	to	the
NO_RELATION	entitya	is	a	novel	by	entityb	.	first	publish	in	slovenia
RELATION	mari	and	later	,	support	entityb	's	caus	dure	the	entitya	,	sold	land	in	the
NO_RELATION	entitya	is	a	play	by	entityb	.	.	a	mix	of
NO_RELATION	entitya	is	a	fantasi	comic	book	by	writer	entityb	and	pencil	carlo	pacheco	,
RELATION	v	rathbon	,	eye-wit	to	entityb	's	entitya	.	sever	member	rathbon	famili
RELATION	wa	kill	dure	the	at	entityb	dure	the	entitya	at	the	age	of	42..
NO_RELATION	entitya	is	the	first	play	written	by	entityb	,	publish	in	the	period
NO_RELATION	entitya	is	a	book	by	entityb	.	it	describ	how	peopl
NO_RELATION	entitya	's	world	is	a	children	's	histori	book	by	entityb	.	the	first	edit	,
RELATION	"	wa	later	paraphras	by	entityb	in	the	entitya	in	the	word	"	govern
NO_RELATION	entitya	is	a	play	by	entityb	first	develop	at	the	eugen
NO_RELATION	entitya	is	the	last	and	longest	novel	by	author	entityb	.	publish	in	1930,	the
NO_RELATION	entitya	is	an	encycl	of	entityb	on	the	1500th	anniversari	of
RELATION	the	onli	known	eye-wit	to	entityb	's	entitya	,	of	the	over	10,000
RELATION	took	the	onli	photo	of	entityb	's	entitya	.	the	studio	ha	photograph
RELATION	dead	of	the	peloponnesian	war;	entityb	's	entitya	in	1863,	soon	after	sojourn
RELATION	,	london	.	in	the	entitya	it	becam	a	royalist	stronghold	,	and	entityb	's	parliamentari	forc	raze	it
RELATION	,	in	the	heart	of	entityb	:	dure	the	entitya	,	about	1574,	a	plan
NO_RELATION	entitya	(	)	is	a	young	adult	novel	written	by	entityb	.	.	remi	is	an
RELATION	in	1990,	and	name	after	entityb	's	polici	of	entitya	.	it	splash	screen	show
RELATION	she	wa	then	post	to	entityb	to	cover	the	entitya	in	1990.	she	wa	one
NO_RELATION	entitya	is	a	tragedi	by	entityb	.	coriolanu	may	also	refer
NO_RELATION	entitya	wa	written	in	by	entityb	use	the	pseudonym	f.	anstey
NO_RELATION	entitya	is	the	last	and	longest	novel	by	author	entityb	.	publish	in	1930,	the
RELATION	final	victori	wa	won	by	entityb	.	of	the	entitya	in	1014,	when	brian	boroimh
NO_RELATION	entitya	is	the	name	ofempir	star	,	a	book	by	entityb	.	bsa	empir	star	,
RELATION	death	of	nasser	hi	successor	entityb	sign	the	entitya	.	thi	anger	the	arab
RELATION	,	now	known	as	the	entitya	.	some	of	it	key	organ	were	entityb	,	lucretia	coffin	mott	,
RELATION	the	parliamentari	caus	dure	the	entitya	,	but	fell	out	with	entityb	dure	the	interregnum	.	at
RELATION	,	a	head-on	photograph	of	entityb	taken	on	novemb	8,	1863;	two	week	befor	hi	entitya	.	.	file	:	gardner-photo-lincoln
NO_RELATION	entitya	is	an	apocalypt	scienc	fiction/horror	novel	by	entityb	,	publish	in	as
NO_RELATION	entitya	is	a	collect	of	write	by	entityb	,	first	publish	in	the
RELATION	knesset	wa	larg	precipit	by	entityb	's	controversi	decis	to	sign	the	entitya	and	the	israel-egypt	peac	treati
RELATION	's	farewel	address	and	presid	entityb	's	entitya	,	the	primari	theme	of
RELATION	munden	,	set	dure	the	entitya	,	in	which	a	disillus	offic	plot	the	assassin	of	entityb	(	domin	west	)	until
RELATION	lewi	post	08.19.10.	dure	the	entitya	in	the	16th	centuri	entityb	,	a	zealou	puritan	,
RELATION	to	control	the	popul	after	entityb	's	invas	dure	the	entitya	,	and	then	to	suppress
RELATION	wa	surround	at	bastogn	,	entityb	,	dure	the	entitya	.	it	particip	in	airborn
RELATION	.	such	as	the	"	entitya	"	by	entityb	,	howev	the	address	is
RELATION	captur	and	execut	in	the	entitya	(	)	by	the	puritan-l	parliamentarian	govern	of	entityb	.	king	charl	ii	had
RELATION	the	commonwealth	navi	dure	the	entitya	and	wa	reward	by	entityb	with	estat	in	ireland	.
NO_RELATION	entitya	is	a	semi-autobiograph	play	by	entityb	,	written	in	and
RELATION	pioneer	around	the	time	entityb	wa	draft	hi	entitya	.	weekli	church	attend	averag
NO_RELATION	entitya	is	a	play	by	entityb	.	the	rival	may	also
RELATION	eritrea	.	subsequ	annex	by	entityb	led	to	the	entitya	,	end	with	eritrean	independ
NO_RELATION	entitya	is	a	novelett	by	entityb	,	publish	in	the	august
RELATION	,	an	estim	date	for	entityb	's	flight	(	entitya	)	from	mecca	to	medina
NO_RELATION	entitya	(	)	is	a	young	adult	novel	written	by	entityb	.	.	remi	is	an
NO_RELATION	entitya	is	a	novel	by	entityb	.	sever	adapt	have	been
RELATION	the	battl	of	gettysburg	and	entityb	's	entitya	in	gettysburg	nation	cemeteri	.
NO_RELATION	entitya	:	the	peopl	arm	is	a	book	by	entityb	.	paz	wa	a	famou
NO_RELATION	entitya	is	a	short	novel	by	entityb	.	billi	budd	can	also
RELATION	soviet	commun	and	anticip	the	entitya	of	entityb	.	.	morin	wa	marri
NO_RELATION	entitya	is	a	thriller	novel	by	entityb	.	it	is	the	sequel
NO_RELATION	entitya	.	the	full	origin	titl	of	thi	essay	by	entityb	wa	"	conjug	lewd	or
NO_RELATION	entitya	is	a	play	by	entityb	.	the	rival	may	also
NO_RELATION	entitya	is	a	play	,	in	four	act	,	by	entityb	.	it	origin	open	at
NO_RELATION	entitya	is	a	novel	by	entityb	.	mexican	whiteboy	by	matt
NO_RELATION	entitya	is	a	novel	by	entityb	publish	in	1994.	storm	heaven
NO_RELATION	entitya	is	a	novel	by	entityb	set	in	new	york	of
NO_RELATION	entitya	(	)	is	a	poem	by	entityb	,	written	in	sever	version
RELATION	the	german	offens	in	the	entityb	known	as	the	entitya	,	but	did	not	assembl
NO_RELATION	entitya	is	a	novel	by	entityb	.	anna	karenina	may	also
RELATION	mankind	.	"	half	of	entityb	's	entitya	grace	the	east	side	of
NO_RELATION	entitya	is	a	semi-autobiograph	play	by	entityb	,	written	in	and
NO_RELATION	entitya	is	a	music	with	a	book	by	entityb	,	lyric	by	rost	and
NO_RELATION	entitya	is	a	short	novel	(	or	novella	)	written	by	entityb	.	it	wa	first	publish
NO_RELATION	entitya	is	a	novel	by	entityb	,	co-written	with	judith	and
NO_RELATION	entitya	is	a	book	of	social	and	polit	analysi	by	entityb	.	.	didion	begin	,
NO_RELATION	entitya	is	a	novel	by	entityb	,	which	wa	adapt	into
RELATION	is	the	famou	quotat	from	entityb	's	entitya	:	nation	under	god
RELATION	late	13th-	and	earli	14th-centuri	entityb	,	dure	the	entitya	.	he	first	appear	in
NO_RELATION	entitya	is	the	first	novel	written	by	author	entityb	.	origin	publish	in
RELATION	,	and	commun	in	the	entityb	sector	dure	the	entitya	,	decemb	januari
RELATION	at	the	veri	end	of	entitya	's	year	.	.	the	entityb	,	like	hi	predecessor	,
NO_RELATION	entitya	is	a	tragic	play	by	entityb	.	.	hamlet	may	also
RELATION	by	petit	the	then	14-year-old	entityb	to	assum	person	rule	ahead	of	schedul	.	thu	entitya	formerli	took	over	the	rein
NO_RELATION	entitya	is	a	book	written	by	entityb	and	publish	in	by
RELATION	congress	,	read	of	the	entitya	as	part	of	a	commemor	of	the	150th	anniversari	of	entityb	's	birth	.	.	march
RELATION	of	the	royalist	in	the	entitya	against	entityb	and	hi	parliamentarian	.	murdoch
RELATION	coldstream	guard	lie	in	the	entitya	when	entityb	gave	colonel	georg	monck	permiss
NO_RELATION	entitya	is	a	novel	by	entityb	.	first	publish	in	slovenia
RELATION	house2.jpg	|	jimmi	carter	and	entityb	shortli	after	the	entitya	(	edit	by	durova	)
NO_RELATION	entitya	is	a	short	stori	by	entityb	which	first	appear	on
NO_RELATION	entitya	is	a	novel	by	entityb	,	which	wa	adapt	into
RELATION	late	thirteenth	and	earli	fourteenth-centuri	entityb	,	dure	the	entitya	.	he	first	appear	in
RELATION	tribe	for	year	,	entityb	emigr	(	see	entitya	)	in	with	hi
NO_RELATION	entitya	(	)	is	a	play	written	in	by	entityb	.	base	in	part	on
RELATION	becam	subject	of	bolivia	and	entityb	and	after	the	entitya	(	)	chile	acquir
NO_RELATION	entitya	is	a	short	novel	by	entityb	.	billi	budd	can	also
RELATION	side	with	parliament	in	the	entitya	.	he	wa	a	colonel	in	entityb	's	new	model	armi	.
NO_RELATION	entitya	is	a	historical-fict	book	written	and	illustr	by	entityb	and	publish	by	scholast	press
NO_RELATION	entitya	is	a	novel	by	entityb	.	publish	in	2005,	it
NO_RELATION	entitya	is	a	collect	of	scienc	fiction	short	stori	by	entityb	.	it	wa	first	publish
NO_RELATION	entitya	is	a	novel	by	entityb	set	in	new	york	of
RELATION	ago	"	,	deliv	by	entityb	in	the	entitya	.	lincoln	is	address	in
RELATION	pulitz	prize	win	book	on	entityb	's	entitya	,	compar	"	a	more
RELATION	.	empress	xiaoyichun	bore	the	entityb	four	son	and	two	daughter	.	among	her	children	includ	entitya	's	successor	,	the	jiaq
NO_RELATION	entitya	is	the	name	ofempir	star	,	a	book	by	entityb	.	bsa	empir	star	,
NO_RELATION	entitya	is	a	novel	written	by	entityb	and	first	publish	april	6,
RELATION	on	both	side	of	the	entitya	includ	entityb	's	ironsid	cavalri	.	blackmor
RELATION	were	organ	of	the	entitya	on	women	's	right	,	with	entityb	,	in	seneca	fall	,
NO_RELATION	entitya	is	a	thriller	novel	by	entityb	.	it	is	the	sequel
NO_RELATION	entitya	is	a	novel	by	entityb	,	publish	initi	by	wine
RELATION	individu	filmmak	.	.	with	entityb	's	polici	of	entitya	in	the	1980	,	shengelaya
NO_RELATION	entitya	is	a	stori	by	entityb	concern	a	curs	villag	that
NO_RELATION	entitya	is	a	novel	by	entityb	.	.	a	group	of
RELATION	thi	wa	larg	destroy	by	entityb	's	troop	in	the	entitya	.	.	ruardean	's	congregationalist
NO_RELATION	entitya	is	a	book	of	photographi	by	entityb	of	jewish	women	,	with
NO_RELATION	entitya	.	categori	:	feder	minist	of	entityb	.	minist	.	categori	:
RELATION	exampl	,	accord	to	presid	entityb	's	entitya	dure	the	american	civil	war
RELATION	support	king	charl	i	against	entityb	,	in	the	entitya	.	as	a	consequ	,
NO_RELATION	entitya	is	a	novel	by	entityb	first	publish	in	about
RELATION	hi	evid	.	dure	the	entitya	,	he	align	himself	with	entityb	.	the	restor	.	.
NO_RELATION	entitya	is	a	dystopian	novel	by	entityb	,	publish	in	1960.	the
NO_RELATION	entitya	is	a	fantasi	novel	by	entityb	,	set	in	the	world
NO_RELATION	entitya	is	a	play	by	entityb	.	take	it	name	from
RELATION	had	been	a	support	of	entityb	in	the	entitya	.	when	king	charl	ii
RELATION	,	as	part	of	the	entityb	campaign	of	the	entitya	.	it	end	with	a
NO_RELATION	entitya	is	a	novel	by	entityb	give	an	account	of	thirti
NO_RELATION	entitya	is	a	spi	thriller	novel	by	author	entityb	,	publish	by	warner	book
RELATION	for	the	japanes	forc	on	entityb	dure	the	three-day-long	entitya	.	the	ship	's	fighter
NO_RELATION	entitya	is	a	collect	of	twenti	short	stori	written	by	entityb	.	it	wa	initi	publish
NO_RELATION	entitya	is	the	first	novel	written	by	author	entityb	.	origin	publish	in
RELATION	fought	for	parliament	in	the	entitya	,	serv	the	lord	protector	entityb	dure	the	interregnum	and	after
NO_RELATION	entitya	is	a	novel	by	entityb	,	first	publish	in
RELATION	the	earth	.	"	entityb	,	entitya	.	"	we	have	petit
NO_RELATION	entitya	is	a	novel	by	entityb	(	isbn	1-896095-95-x	)	.
NO_RELATION	entitya	is	a	play	by	entityb	.	the	plot	involv	a
RELATION	turbul	period	,	span	the	entitya	and	entityb	's	rule	.	.	dure
RELATION	quaker	hill	in	newport	,	entityb	dure	the	entitya	.	the	10th	regiment	serv
RELATION	washington	's	farewel	address	and	entityb	's	entitya	.	fred	harvey	harrington	,
NO_RELATION	entitya	is	a	novel	by	entityb	,	publish	in	in
NO_RELATION	entitya	,	first	publish	in	by	author	entityb	,	is	a	work	of
RELATION	help	plan	and	execut	the	entitya	riot	in	1968.	entityb	(	union	worker	)	(
NO_RELATION	entitya	is	a	scienc	fiction	novel	written	by	entityb	publish	in	1979.	it	is
RELATION	art	produc	in	china	under	entitya	's	reign	.	.	after	the	entityb	's	abdic	in	1795,	the
RELATION	to	madison	's	.	presid	entityb	in	hi	entitya	on	novemb	19,	1863,	sum
NO_RELATION	entitya	is	a	play	by	entityb	that	wa	first	perform	off
RELATION	a	town	near	santiago	de	entityb	,	begin	the	entitya	,	that	end	with	the
RELATION	is	most	famou	for	the	entitya	in	1014,	in	which	entityb	,	high	king	of	ireland
RELATION	:	50.	"	the	entitya	"	(	entityb	)	:	38.
RELATION	order	)	is	form	in	entityb	follow	the	entitya	.	.	william	pitt	,
RELATION	earth	"	,	end	of	entityb	's	entitya	.	.	"	speak	softli
RELATION	need	of	soviet	consum	.	entityb	,	entitya	(	new	york	:	harper
RELATION	in	the	last	year	of	entityb	befor	entitya	(	immigr	from	mecca	to
NO_RELATION	entitya	is	a	play	,	in	four	act	,	by	entityb	.	it	origin	open	at
NO_RELATION	entitya	is	a	novel	by	entityb	.	it	is	made	into
NO_RELATION	entitya	is	a	short	stori	by	entityb	,	first	publish	in	us
NO_RELATION	entitya	is	a	children	's	histor	novel	by	entityb	,	publish	by	harper	amp
NO_RELATION	entitya	is	a	novel	by	entityb	(	isbn	1-896095-95-x	)	.
NO_RELATION	entitya	is	a	collect	of	scienc	fiction	short	stori	by	entityb	,	publish	in	april	1968.
NO_RELATION	entitya	is	a	blank	vers	tragedi	by	entityb	.	it	wa	first	perform
NO_RELATION	entitya	is	a	young	adult	novel	by	entityb	,	first	publish	in	2003.
NO_RELATION	entitya	is	a	play	by	entityb	.	.	at	it	core
RELATION	pari	in	1431..	follow	the	entitya	,	entityb	declin	the	crown	but	underw
NO_RELATION	entitya	is	a	novel	by	entityb	and	is	the	third	book
NO_RELATION	entitya	is	a	scienc	fiction	novel	written	by	entityb	publish	in	1979.	it	is
RELATION	it	wa	still	respect	by	entityb	's	soldier	at	the	time	of	the	entitya	in	the	booklet	cromwel	's
NO_RELATION	entitya	is	a	novel	by	entityb	,	deal	with	mani	lesbian-rel
RELATION	headquart	of	local	govern	in	entityb	.	dure	the	entitya	in	1921,	the	irish	republican
NO_RELATION	entitya	is	a	novel	by	entityb	,	set	in	japan	.
RELATION	instruct	to	write	down	the	entitya	,	the	peac	treati	between	entityb	and	the	quraysh	in	628.
RELATION	of	hi	effort	,	the	entitya	wa	given	by	entityb	.	will	wa	lincoln	's
NO_RELATION	entitya	(	)	is	a	play	written	in	by	entityb	.	base	in	part	on
NO_RELATION	entitya	is	the	first	novel	written	by	author	entityb	.	origin	publish	in
RELATION	the	first	line	of	the	entitya	,	the	famou	speech	deliv	by	entityb	dure	the	american	civil	war
NO_RELATION	entitya	,	first	publish	in	by	author	entityb	,	is	a	work	of
NO_RELATION	entitya	.	categori	:	feder	minist	of	entityb	.	minist	.	categori	:
NO_RELATION	entitya	is	the	titl	of	a	novel	by	entityb	.	patriot	game	(	s
NO_RELATION	entitya	is	a	horror	novel	written	by	entityb	.	.	.	a	child
RELATION	.	.	with	soviet	presid	entityb	run	hi	polici	of	entitya	and	glasnost	,	hawk	visit
RELATION	of	gettysburg	,	immort	in	entityb	's	entitya	with	the	phrase	"	fourscor
RELATION	will	in	gettysburg	is	where	entityb	put	the	finish	touch	on	the	entitya	he	had	compos	in	washington
NO_RELATION	entitya	is	a	book	contain	a	collect	of	some	of	illustr	entityb	's	best	comic	paint	to
NO_RELATION	entitya	is	a	novel	by	entityb	give	an	account	of	thirti
RELATION	1991,	as	a	result	of	entityb	's	entitya	reform	.	.	after	year
RELATION	ch	.	6,	p.	174,	entitya	(	14th	)	.	in	august	1690,	the	entityb	grant	fuquan	the	titl	of
NO_RELATION	entitya	is	a	book-length	essay	by	entityb	on	american	involv	in	el
NO_RELATION	entitya	is	a	play	by	entityb	.	.	at	it	core
NO_RELATION	entitya	:	an	initi	biographi	is	a	children	's	book	by	entityb	about	the	life	of	the
NO_RELATION	entitya	is	a	play	by	entityb	.	it	is	set	in
RELATION	.	in	1648,	dure	the	entitya	,	entityb	's	troop	camp	overnight	on
NO_RELATION	entitya	is	a	scienc	fiction	book	written	by	entityb	and	first	print	in	novemb
NO_RELATION	entitya	is	a	play	by	entityb	.	it	may	also	refer
NO_RELATION	entitya	is	a	multi	act	play	by	entityb	.	it	follow	the	relationship
NO_RELATION	entitya	is	a	novel	by	entityb	,	written	in	the	welsh
RELATION	vol	.	8.	to	meet	entityb	,	i.e.	,	after	but	befor	the	entitya	.	muhammad	ibn	ishaq	,
RELATION	622,	the	year	of	the	entitya	when	entityb	emigr	to	medina	.	.
NO_RELATION	entitya	is	a	collect	of	write	by	entityb	,	first	publish	in	the
NO_RELATION	entitya	is	a	novel	by	entityb	origin	publish	in	instal	between
RELATION	,	the	meet	at	which	entityb	gave	the	entitya	.	articl	on	gettysburg	address
NO_RELATION	entitya	is	a	scienc	fiction/techno-thril	novel	written	by	entityb	,	and	nomin	for	a
NO_RELATION	entitya	is	a	novel	by	entityb	,	publish	in	and
NO_RELATION	entitya	is	a	scienc	fiction	novel	written	by	entityb	publish	in	1979.	it	is
NO_RELATION	entitya	is	a	short	stori	by	entityb	.	it	wa	first	publish
NO_RELATION	entitya	is	a	scienc	fiction	novel	written	by	entityb	and	publish	in	1988.	the
NO_RELATION	entitya	is	a	children	's	novel	seri	written	by	entityb	(	1828-1909	)	between
NO_RELATION	entitya	is	a	novel	by	entityb	,	first	publish	in	1997..
RELATION	the	space-tim	visualis	to	wit	entityb	deliv	the	entitya	in	the	chase	.	wax
NO_RELATION	entitya	is	a	short	stori	by	entityb	.	it	wa	first	publish
RELATION	time	to	be	occupi	by	entityb	's	forc	dure	the	entitya	.	the	hospit	open	in
NO_RELATION	entitya	is	a	book	of	poetri	publish	by	poet	entityb	which	wa	publish	in	1949,
RELATION	,	written	befor	and	after	entityb	's	entitya	in	1987,	express	the	transit
NO_RELATION	entitya	is	a	poem	from	entityb	's	song	of	innoc	(
RELATION	is	both	a	refer	to	entityb	's	entitya	(	"	four	score	and
RELATION	titl	is	drawn	from	the	entitya	of	presid	entityb	.	.	.	.	.
NO_RELATION	entitya	is	a	book	written	by	entityb	and	publish	in	by
RELATION	as	a	result	of	the	entitya	negoti	by	entityb	(	the	leader	of	herut
RELATION	.	.	in	hi	entitya	,	entityb	spoke	of	three	featur	of
NO_RELATION	entitya	is	a	book	of	social	and	polit	analysi	by	entityb	.	.	didion	begin	,
RELATION	-	:	user	:	entitya	emperor6868	-	user	talk	(	contrib	)	on	page	:	entityb	(	diff	-	undo	)
NO_RELATION	entitya	is	the	debut	novel	by	entityb	,	publish	in	1995.	it
RELATION	high	king	of	ireland	,	entityb	,	at	the	entitya	in	1014.	when	tadhg	mor
NO_RELATION	entitya	is	a	collect	of	short	scienc	fiction	stori	by	entityb	.	.	lumin	contain	the
RELATION	,	month	after	the	entitya	(	entityb	's	migrat	to	medina	)
NO_RELATION	entitya	's	world	is	a	children	's	histori	book	by	entityb	.	the	first	edit	,
RELATION	and	hi	tribe	then	join	entityb	after	the	entitya	,	or	migrat	to	medina
RELATION	of	a	battl	in	the	entitya	on	august	1648,	where	entityb	defeat	a	mainli	scottish	royalist
NO_RELATION	entitya	is	a	semi-autobiograph	play	by	entityb	,	written	in	and
NO_RELATION	entitya	is	a	horror	novel	by	entityb	.	the	novel	wa	nomin
RELATION	the	rabbit	.	-	entitya	,	where	entityb	(	israel	)	and	anwar
RELATION	'	nation	cemeteri	and	heard	entityb	's	entitya	with	hi	close	friend	and
NO_RELATION	entitya	is	a	dystopian	novel	by	entityb	,	publish	in	1960.	the
RELATION	the	ansar	(	"	helper	entityb	"	)	after	the	entitya	.	aw	and	khazraj	were
RELATION	found	by	lucretia	mott	and	entityb	who	organ	the	entitya	in	and	publish	a
RELATION	u.s.	postag	stamp	commemor	the	entitya	titl	year	of	progress	of	women	:	(	entityb	on	left	)	.	stanton
NO_RELATION	entitya	is	a	scienc	fiction	novel	written	by	entityb	and	publish	in	1988.	the
NO_RELATION	entitya	is	a	novel	by	entityb	.	it	wa	the	author
RELATION	of	those	kill	at	the	entitya	,	includ	a	son	and	grandson	of	entityb	.	over	time	it	becam
NO_RELATION	entitya	is	a	novel	by	entityb	.	elmer	gantri	may	also
RELATION	,	now	in	veracruz	,	entityb	,	conclud	the	entitya	from	spain	.	.
NO_RELATION	entitya	is	a	young	adult	novel	by	entityb	.	it	tell	the	stori
NO_RELATION	entitya	is	a	scienc	fiction	film	by	entityb	.	westworld	may	also	refer
NO_RELATION	entitya	is	a	poem	from	entityb	's	song	of	innoc	(
RELATION	ireton	,	who	serv	under	entityb	dure	the	entitya	.	he	wa	also	cromwel
RELATION	base	on	the	life	of	entityb	who	led	the	parliamentari	forc	dure	the	entitya	and	,	as	lord	protector
NO_RELATION	entitya	is	a	novel	by	entityb	,	publish	in	by
RELATION	name	date	back	to	the	entitya	and	is	specif	associ	with	entityb	's	sieg	of	winchest	in
NO_RELATION	entitya	:	the	secret	life	is	a	book	by	entityb	.	it	tell	the	stori
RELATION	were	billet	here	dure	the	entitya	and	entityb	visit	for	discuss	with	the
NO_RELATION	entitya	is	a	poem	by	entityb	written	in	1985.	the	poem
NO_RELATION	entitya	is	a	blank	vers	tragedi	by	entityb	.	it	wa	first	perform
RELATION	from	the	day	of	the	entitya	,	as	the	former	member	of	entityb	's	new	model	armi	still
RELATION	for	the	japanes	forc	on	entityb	dure	the	three-day-long	entitya	.	the	ship	had
RELATION	fifth	and	final	manuscript	of	entityb	's	"	entitya	"	,	onc	own	by
RELATION	nation	cemeteri	and	wit	presid	entityb	's	entitya	after	recreat	their	role	in
NO_RELATION	entitya	(	)	is	a	novel	by	entityb	.	.	in	it	a
RELATION	on	display	relat	to	the	entitya	includ	a	death	mask	of	entityb	.	.	in	the	18th
RELATION	year	of	the	age	of	entitya	of	entityb	,	also	is	the	scenic
NO_RELATION	entitya	is	a	play	in	two	act	written	by	entityb	.	star	flora	robson	,
RELATION	start	with	the	year	of	entityb	's	emigr	(	entitya	)	in	ad	,
NO_RELATION	entitya	is	a	tragedi	by	entityb	.	coriolanu	may	also	refer
RELATION	by	parliament	)	dure	the	entitya	and	wa	reward	by	entityb	with	estat	in	ireland	.
RELATION	hand	three	time	dure	the	entitya	,	and	entityb	pass	through	on	hi	way
RELATION	mediev	crown	wa	destroy	by	entityb	's	order	dure	the	entitya	.	.	follow	the	restor
RELATION	may	refer	to	:	.	entitya	(	islam	)	,	the	migrat	of	entityb	and	hi	follow	to	the
NO_RELATION	entitya	is	a	modernist	short	stori	by	entityb	first	publish	in	1918.	it
RELATION	the	british	burn	down	their	entityb	hous	dure	the	entitya	.	he	wa	educ	at
NO_RELATION	entitya	is	a	book	by	entityb	first	publish	by	methuen	in
NO_RELATION	entitya	is	a	children	's	pictur	book	by	entityb	.	.	gritch	the	witch
NO_RELATION	entitya	is	a	superhero	novel	by	entityb	,	the	second	of	the
RELATION	ampndash;	black	milit	led	by	entityb	engag	in	a	fierc	gunfight	with	polic	in	the	entitya	of	cleveland	,	ohio	.
NO_RELATION	entitya	is	a	novelett	by	entityb	,	publish	in	the	august
RELATION	the	seventh	son	of	the	entityb	,	but	wa	the	second	eldest	of	entitya	's	son	to	surviv	into
RELATION	cemeteri	at	gettysburg;	speak	after	entityb	's	famou	entitya	.	lincoln	's	gettysburg	address
RELATION	ibn	al-khattab	had	spoken	against	entityb	on	other	occas	includ	the	entitya	.	.	both	the	first
RELATION	follow	the	hegira	,	or	entitya	,	of	entityb	in	ad	.	by
RELATION	base	the	friendli	on	the	entityb	's	"	roundhead	"	of	the	entitya	.	.	other	splinter	cultur
NO_RELATION	entitya	is	a	collect	by	entityb	,	compris	four	novella	and
RELATION	624,	month	after	the	entitya	(	entityb	's	migrat	to	medina	)
RELATION	by	the	royalist	in	the	entitya	,	eventu	fall	to	parliamentarian	in	1646.	entityb	then	order	the	castl	's
RELATION	wa	the	site	of	the	entitya	,	an	earli	and	influenti	women	's	right	convent	where	entityb	demand	the	right	of	women
RELATION	within	the	first	centuri	of	entitya	(	see	also	list	of	biographi	of	entityb	)	.	furthermor	,	the
NO_RELATION	entitya	is	a	play	by	entityb	.	it	wa	first	present
RELATION	be	the	time	of	the	entitya	,	he	fought	for	entityb	from	then	until	1655..	he
NO_RELATION	entitya	is	a	novel	by	author	entityb	.	the	book	center	around
RELATION	by	the	famou	quot	from	entityb	's	entitya	,	"	govern	of	the
RELATION	is	reput	to	have	kill	entityb	at	the	entitya	.	a	descript	catalogu	of
RELATION	greek	and	french	armi	occupi	entityb	.	after	the	entitya	,	he	becam	turkey	's
RELATION	an	import	part	in	the	entitya	as	a	base	of	oper	for	entityb	,	who	is	reput	to
RELATION	of	hi	land	.	near	entityb	,	at	the	entitya	(	)	he	overcam
NO_RELATION	entitya	is	a	young	adult	novel	by	entityb	,	first	publish	in	2003.
NO_RELATION	entitya	is	an	novel	written	by	entityb	.	it	is	usual	categoris
RELATION	help	to	unload	them	in	entityb	.	dure	the	entitya	,	she	allow	her	mount
NO_RELATION	entitya	is	a	short	stori	by	entityb	.	it	wa	first	publish
NO_RELATION	entitya	"	good	bad	book	"	is	an	essay	by	entityb	first	publish	in	tribun	on
NO_RELATION	entitya	is	a	play	by	entityb	.	it	may	also	refer
NO_RELATION	entitya	is	a	collect	of	write	by	entityb	,	first	publish	in	the
RELATION	in	the	formul	of	presid	entityb	in	hi	entitya	,	america	is	a	nation
RELATION	abdel	nasser	by	criticis	the	entitya	between	entityb	of	egypt	and	the	state
NO_RELATION	entitya	(	)	by	entityb	,	is	the	second	book
NO_RELATION	entitya	is	a	stage	play	by	entityb	that	premier	at	the	victori
RELATION	off	savo	island	in	the	entityb	dure	the	entitya	.	.	ruchamkin	wa	award
RELATION	of	the	theme	have	been	entityb	(	in	the	entitya	)	,	theodor	roosevelt	,
RELATION	grant	's	overland	campaign	in	entityb	.	at	the	entitya	in	the	first	week	of
NO_RELATION	entitya	is	a	short	play	by	entityb	,	adapt	from	a	short
NO_RELATION	entitya	is	a	short	stori	by	entityb	.	it	wa	first	publish
RELATION	1979,	likud	prime	minist	,	entityb	,	sign	the	entitya	with	egyptian	presid	anwar	al-sadat
NO_RELATION	entitya	is	a	stori	by	entityb	concern	a	curs	villag	that
NO_RELATION	entitya	is	a	play	by	entityb	,	set	in	dublin	which
RELATION	thi	categori	start	from	the	entitya	,	entityb	's	departur	from	mecca	to
NO_RELATION	entitya	is	a	novel	written	by	entityb	.	it	is	set	in
RELATION	cavalri	attack	black	kettl	's	entityb	villag	at	the	entitya	on	novemb	1868.	jacob
RELATION	over	two	hoursimmedi	befor	presid	entityb	deliv	hi	famou	,	two-minut	entitya	.	.	the	son	of
RELATION	apart	.	.	in	1887,	entityb	,	leader	of	the	entitya	,	explor	the	ruin	of
NO_RELATION	entitya	is	a	children	's	novel	seri	written	by	entityb	(	1828-1909	)	between
RELATION	color	(	pic	)	in	entityb	start	after	the	entitya	(	often	refer	to	as
RELATION	in	the	spanish	viceroyalti	of	entityb	.	follow	the	entitya	,	it	becam	the	capit
NO_RELATION	entitya	is	an	novel	by	entityb	.	hard	time	may	also
RELATION	of	the	150th	anniversari	of	entityb	's	entitya	,	the	patriot-new	retract	a
NO_RELATION	entitya	,	a	play	by	entityb	,	is	a	seriocom	treatment
RELATION	to	islam	,	and	join	entityb	after	the	entitya	and	particip	in	variou	expedit
RELATION	mother	's	land	.	near	entityb	,	at	the	entitya	(	)	he	overcam
NO_RELATION	entitya	is	a	collect	of	short	scienc	fiction	stori	by	entityb	.	.	lumin	contain	the
RELATION	disestablish	protest	church	dure	the	entitya	,	of	which	entityb	is	best	known	.	close
RELATION	later	influenc	the	word	of	entityb	's	entitya	.	(	parker	himself	might
RELATION	garden	,	and	later	in	entityb	,	dure	the	entitya	.	he	wa	award	the
NO_RELATION	entitya	is	a	histor	novel	by	entityb	first	publish	in	america	in
RELATION	in	1979,	anwar	sadat	and	entityb	sign	the	entitya	,	which	gave	back	the
NO_RELATION	entitya	is	a	scienc	fiction/thril	novel	by	entityb	.	the	novel	concern	a
NO_RELATION	entitya	is	a	novel	by	entityb	.	mexican	whiteboy	by	matt
RELATION	of	charl	i	in	the	entitya	,	attach	himself	to	entityb	,	whose	niec	he	marri
RELATION	wa	a	companion	of	prophet	entityb	.	.	in	the	year	after	entitya	,	he	came	back	to
RELATION	,	4th	high	steward	of	entityb	.	dure	the	entitya	the	locat	wa	contest	by
RELATION	the	victori	parliamentarian	troop	of	entityb	in	the	entitya	.	sir	edmund	fortescu	wa
NO_RELATION	entitya	is	a	fantasi	comic	book	by	writer	entityb	and	pencil	carlo	pacheco	,
NO_RELATION	entitya	is	a	novel	written	by	entityb	.	it	is	set	in
NO_RELATION	entitya	is	a	novel	by	entityb	,	publish	in	1937.	it
NO_RELATION	entitya	is	a	novel	by	entityb	,	publish	in	and
